Uniq Id,Product Name,Category,Selling Price,Image,Product Url
4c69b61db1fc16e7013b43fc926e502d,"DB Longboards CoreFlex Crossbow 41"" Bamboo Fiberglass Longboard Complete",Sports & Outdoors,$237.68,https://images-na.ssl-images-amazon.com/images/I/51j3fPQTQkL.jpg,https://www.amazon.com/DB-Longboards-CoreFlex-Fiberglass-Longboard/dp/B07KMVJJK7
66d49bbed043f5be260fa9f7fbff5957,"Electronic Snap Circuits Mini Kits Classpack, FM Radio, Motion Detector, Music Box (Set of 5)",Toys & Games,$99.95,https://images-na.ssl-images-amazon.com/images/I/51M0KnJxjKL.jpg,https://www.amazon.com/Electronic-Circuits-Classpack-Motion-Detector/dp/B008AK6DAS
2c55cae269aebf53838484b0d7dd931a,"3Doodler Create Flexy 3D Printing Filament Refill Bundle (X5 Pack, Over 1000'. of Extruded Plastics! - Innovate",Toys & Games,$34.99,https://images-na.ssl-images-amazon.com/images/I/513cBC8PqpL.jpg,https://www.amazon.com/3Doodler-Plastic-Innovate-Filament-Refills/dp/B07D36747F
18018b6bc416dab347b1b7db79994afa,Guillow Airplane Design Studio with Travel Case Building Kit,Toys & Games,$28.91,https://images-na.ssl-images-amazon.com/images/I/516UijZMilL.jpg,https://www.amazon.com/Guillow-Airplane-Design-Studio-Building/dp/B076Y2SNHM
e04b990e95bf73bbe6a3fa09785d7cd0,Woodstock- Collage 500 pc Puzzle,Toys & Games,$17.49,https://images-na.ssl-images-amazon.com/images/I/61plo8Xv4vL.jpg,https://www.amazon.com/Woodstock-Collage-500-pc-Puzzle/dp/B07MX21WWX
f8c32a45e507a177992973cf0d46d20c,"Terra by Battat – 4 Dinosaur Toys, Medium – Dinosaurs for Kids & Collectors, Scientifically Accurate & Designed by A Paleo-Artist; Age 3+ (4 Pc)",,$18.66,https://images-na.ssl-images-amazon.com/images/I/41EdPcg0uzL.jpg,https://www.amazon.com/Terra-Battat-Dinosaurs-Collectable-Stegosaurus/dp/B07PF1R8LS
40d3cd16b41970ae6872e914aecf2c8e,"Rubie's Child's Pokemon Deluxe Pikachu Costume, X-Small","Clothing, Shoes & Jewelry",$29.12,https://images-na.ssl-images-amazon.com/images/I/311yBLR6GiL.jpg,https://www.amazon.com/Rubies-Deluxe-Pikachu-Pokemon-Costume/dp/B07BZJM592
bc178f33a04dbccefa95b165f8b56830,"Hoffmaster 120813 Double-Tipped Triangular Crayon, 88 mm Length, Wrapped (500 Packs of 2)",Toys & Games,$97.68,https://images-na.ssl-images-amazon.com/images/I/41RQ9OU%2BTPL.jpg,https://www.amazon.com/Hoffmaster-120813-Double-Tipped-Triangular-Wrapped/dp/B00BS7XCZ4
cc2083338a16c3fe2f7895289d2e98fe,"ARTSCAPE Etched Glass 24"" x 36"" Window Film, 24-by-36-Inch",Home & Kitchen,$12.99,https://images-na.ssl-images-amazon.com/images/I/51iAe3LF7FL.jpg,https://www.amazon.com/ARTSCAPE-Etched-Glass-Window-Film/dp/B000Q3PRYA
69828c5570dcdbd1609216d33fbad0db,Pokemon TCG: Sun and Moon Crimson Invasion Elite Trainer Box,,$38.49,https://images-na.ssl-images-amazon.com/images/I/51LFAQfMX6L.jpg,https://www.amazon.com/Pokemon-TCG-Crimson-Invasion-Trainer/dp/B074NCGNX2
7b0746d8afc8462ba17f8a763d9d5f1e,"Moonlite, 3-Story Bundle for Boys, Includes 3 Story Reels for Use with Storybook Projector",Toys & Games,$18.16,https://images-na.ssl-images-amazon.com/images/I/51rUvw7zrtL.jpg,https://www.amazon.com/Moonlite-3-Story-Bundle-Storybook-Projector/dp/B07NPJNZ9T
c5f4c94653a3befd8dd16adf2914c04e,DC Cover Girls: Black Canary by Joëlle Jones Statue,Toys & Games,$84.61,https://images-na.ssl-images-amazon.com/images/I/415AfhrfM7L.jpg,https://www.amazon.com/DC-Cover-Girls-Canary-Jo%C3%ABlle/dp/B07M7XYMRW
615ba903c134f439eaf8cdd1678ceb5c,"Baby Doll Bedding Chevron Window Valance and Curtain Set, Orange",Baby Products,$33.92,https://images-na.ssl-images-amazon.com/images/I/51wmH8yyGxL.jpg,https://www.amazon.com/Bedding-Chevron-Window-Valance-Curtain/dp/B00LSJV9TS
82c86a4d24dce5e14303033d7b658b78,"LEGO Minecraft Creeper BigFig and Ocelot Characters 21156 Buildable Toy Minecraft Figure Gift Set for Play and Decoration, New 2020 (184 Pieces)",Toys & Games,$14.99,https://images-na.ssl-images-amazon.com/images/I/51LoYG%2BDsLL.jpg,https://www.amazon.com/LEGO-Minecraft-Characters-Buildable-Decoration/dp/B07WG9XJDZ
1ecccb43e0f5c0162218371916ffa553,C&D Visionary DC Comic Originals Flash Logo Sticker,Toys & Games,$4.99,https://images-na.ssl-images-amazon.com/images/I/51RLMxSin-L.jpg,https://www.amazon.com/Visionary-Comic-Originals-Flash-Sticker/dp/B00U87LZ0Y
d1ac6d805fcdf75f9e00af611dd03ce4,"The Learning Journey ABC Melody Maker, Primary",Toys & Games,$34.39,https://images-na.ssl-images-amazon.com/images/I/61EE6qrO2BL.jpg,https://www.amazon.com/Learning-Journey-ABC-Melody-Maker/dp/B00247R078
d82015ffbf4cd54b0edfb890002971f3,"The Complete Common Core: State Standards Kit, Grade 5",Toys & Games,$12.88,https://images-na.ssl-images-amazon.com/images/I/41gxkFaSFfL.jpg,https://www.amazon.com/Complete-Common-Core-State-Standards/dp/1623999340
39f1b8a2129315da0288cd058b6b6086,Flash Furniture 25''W x 45''L Trapezoid Red HP Laminate Activity Table - Height Adjustable Short Legs,Home & Kitchen,$117.26,https://images-na.ssl-images-amazon.com/images/I/31WxfYlS8XL.jpg,https://www.amazon.com/Flash-Furniture-Trapezoid-Laminate-Activity/dp/B00777W7GE
4af0833f20a8421788fc04577b0ef1c5,Schylling Veterinarian Kit,Toys & Games,$9.39,https://images-na.ssl-images-amazon.com/images/I/51wOrcShPHL.jpg,https://www.amazon.com/Schylling-Veterinarian-Kit/dp/B079C6NV2Y
fd71391871b94ead84733bc272dd5886,Yellies! Frizz; Voice-Activated Spider Pet; Ages 5 & Up,Toys & Games,$17.85,https://images-na.ssl-images-amazon.com/images/I/41YYqvdWT5L.jpg,https://www.amazon.com/Hasbro-Yellies-Frizz-Voice-Activated-Spider/dp/B07FQ4JBXG
a84f14dd0114d78f178b16f093cab0e0,Disney HK318329 Sofia The First Sleepover Set,Toys & Games,$27.50,https://images-na.ssl-images-amazon.com/images/I/51oF4e0NvcL.jpg,https://www.amazon.com/Disney-HK318329-Sofia-First-Sleepover/dp/B00GJAT9JI
f5b9392a03cfae8817307a36411c8b17,Team Associated 9665 Hinge Pin Brace with Hinge Pins B4/T4,Toys & Games,$10.99,https://images-na.ssl-images-amazon.com/images/I/41bHRYbeLgL.jpg,https://www.amazon.com/Team-Associated-9665-Hinge-Brace/dp/B000BOB45U
89a993dbc079cc3fbe9088c8170b6f99,"PLUS PLUS - Construction Building Toy, Open Play Set - 3,600 Pieces with Storage Tub - Basic Color Mix",Toys & Games,$159.99,https://images-na.ssl-images-amazon.com/images/I/51qmz2JiIHL.jpg,https://www.amazon.com/PLUS-3600-Pc-Set-Educational/dp/B00JZO7CNA
84fb43b933850dc05e57a162c5ba1702,"Big Party Pack Orange Peel Plastic Plates | 10.25"" | Pack of 50 | Party Supply",Toys & Games,$12.63,https://images-na.ssl-images-amazon.com/images/I/41BRiHD0dYL.jpg,https://www.amazon.com/Party-Orange-Plastic-Plates-Supply/dp/B00BFX761C
af983053a35fa2a843092369ff3b400b,Peppa Pig Shape Sorter Clock Puzzle (12Piece),Toys & Games,$11.88,https://images-na.ssl-images-amazon.com/images/I/519BaFjimBL.jpg,https://www.amazon.com/Peppa-Pig-Sorter-Puzzle-12Piece/dp/B015EOHBKI
6d38858169064c8b7069a19c90dd0ae4,Huffy Kids Bikes 16 & 20 inch with Streamers and BMX Pegs,Toys & Games,$74.99 - $249.99,https://images-na.ssl-images-amazon.com/images/I/41bejMzMMgL.jpg,https://www.amazon.com/Huffy-Boys-Thunder-16-Inch-Wheels/dp/B001JEPXUS
326ebcfaa8d5204b634b5648e88e2fe4,NKOK Sonic and Sega All Stars Racing Remote Controlled Car - Sonic The Hedgehog,Toys & Games,$26.99,https://images-na.ssl-images-amazon.com/images/I/51M1sShThFL.jpg,https://www.amazon.com/NKOK-Sonic-Racing-Remote-Controlled/dp/B003SUW37W
a11d9462309527143094a0f68bce0a58,Industro Stainless Steel Hose Clamps,Home & Kitchen,$34.27,https://images-na.ssl-images-amazon.com/images/I/41y%2BKv5LLzL.jpg,https://www.amazon.com/Industro-Stainless-Steel-Hose-Clamps/dp/B07M9BPMTK
fdd8daf07ddd4a23832f3da7d209252f,"Oopsy Daisy Birchwood Owl Growth Chart, Pink, 12"" x 42""",Baby Products,$18.70,https://images-na.ssl-images-amazon.com/images/I/31B3hyqqWAL.jpg,https://www.amazon.com/Oopsy-Daisy-Birchwood-Growth-Chart/dp/B00LA48EP8
c15e7efbe14b9bbcb8b7fe31f9818021,Springbok Puzzles - Christmas Wishes - 400 Piece Jigsaw Puzzle - Large 26.75 Inches by 20.5 Inches Puzzle - Made in USA - Unique Cut Interlocking Pieces - Big Pieces for Kids & Small Pieces for Adults,Toys & Games,$14.95,https://images-na.ssl-images-amazon.com/images/I/518B%2BLjZbOL.jpg,https://www.amazon.com/Springbok-Puzzles-Christmas-Wishes-Interlocking/dp/B071GRMV63
5bb4a9aa52085ada20006d166b1e2f87,Franklin Sports Eye Black Stickers for Kids - Customizable Lettering Baseball and Football Eye Black Stickers - White Pencil Included,Sports & Outdoors,$6.91,https://images-na.ssl-images-amazon.com/images/I/51CiVVrsClL.jpg,https://www.amazon.com/Franklin-Sports-Eye-Black-Stickers/dp/B009Z2WXA4
2339c5be505bf647ebff669697c6bc25,Costume Sunglasses Clown from IT Sun-Staches Party Favors UV400,Toys & Games,$5.99,https://images-na.ssl-images-amazon.com/images/I/41UH2QoXb2L.jpg,https://www.amazon.com/Costume-Sunglasses-Clown-Sun-Staches-Favors/dp/B07GG8DFWD
93c659c89f9a1a81374c61c3fdf881bb,"Jay Franco Disney Frozen 2 Forest Spirit Twin/Full Comforter & Sham Set, Mutli",Home & Kitchen,$36.37,https://images-na.ssl-images-amazon.com/images/I/41uqfIm8fZL.jpg,https://www.amazon.com/Jay-Franco-Disney-Frozen-Comforter/dp/B07V5JT7XP
25a1fcc6db40f86566c5f2d902407b15,TAMASHII NATIONS Bandai S.H. Figuarts Captain America & Tamashii Effect Explosion Avengers: Infinity War Action Figure,Toys & Games,$60.87,https://images-na.ssl-images-amazon.com/images/I/41pkph02FPL.jpg,https://www.amazon.com/Tamashii-Nations-Figuarts-Explosion-Avengers/dp/B07BK72H55
171c7524e8cf032d08d1315f3a538345,"Forum Novelties Union Officer Child's Costume, Medium","Clothing, Shoes & Jewelry",$21.07,https://images-na.ssl-images-amazon.com/images/I/314rdsW5WLL.jpg,https://www.amazon.com/Forum-Novelties-Officer-Childs-Costume/dp/B00GD3F3QE
0b6ee0084290e441d87cd5db35cdabb3,"Weiler 14506 Nylox Cup Brush, 6"", 0.40/80SC Crimped Fill, 5/8""-11 UNC Nut",Toys & Games,$73.58,https://images-na.ssl-images-amazon.com/images/I/41l73fvCvTL.jpg,https://www.amazon.com/Weiler-14506-Nylox-Brush-Crimped/dp/B01024488I
4449b3fa30a6becd3ede26511c8b2180,Disney Mickey Golf Ball Spinner Pewter Key Ring Key Accessory,Toys & Games,$8.44,https://images-na.ssl-images-amazon.com/images/I/31iK4bdZltL.jpg,https://www.amazon.com/Disney-Mickey-Spinner-Pewter-Accessory/dp/B074JR44HN
4832387affc268b3c9d6cca70dbdbcb4,"Anagram International 3085101 Go Team Megaphone Shop Balloon Pack, 29""",Toys & Games,$6.45,https://images-na.ssl-images-amazon.com/images/I/51DcBG52cRL.jpg,https://www.amazon.com/Anagram-International-3085101-Megaphone-Balloon/dp/B00XH4Z6SC
487a3cc651bddbccb4738ef1e5aa40d0,"Happy Birthday Jointed Letter Banner, Under Construction",Toys & Games,$3.12,https://images-na.ssl-images-amazon.com/images/I/31kDRZp3aYL.jpg,https://www.amazon.com/Birthday-Jointed-Letter-Banner-Construction/dp/B001GQHUIW
c3296d8ad42c3998c205f0dbca3998f3,Poopsie Unicorn Crush with Glitter and Slime Surprise (2-Pack),Toys & Games,$6.94 $ 6 . 94,https://images-na.ssl-images-amazon.com/images/I/514Kr37-10L.jpg,https://www.amazon.com/Poopsie-Unicorn-Glitter-Surprise-2-Pack/dp/B07PMTQCCY
3d63af78f4051d04ff6244e9cd299654,Funko Pop! Games: Persona 5 - The Joker (Styles May Vary),,$15.45,https://images-na.ssl-images-amazon.com/images/I/41TFQrt8IpL.jpg,https://www.amazon.com/Funko-Pop-Games-Persona-Styles/dp/B07KPHPDM9
a1793c26a96a83a1544300a431e62902,Klutz Decorate This Journal Toy,Toys & Games,$16.01,https://images-na.ssl-images-amazon.com/images/I/61t-EZ%2B7P5L.jpg,https://www.amazon.com/Klutz-Decorate-This-Journal-Toy/dp/1338106376
486702a222224c41f9e243713d03f27a,Random Esoteric Creature Generator for Classic Fantasy Rpgs & Their Modern Simulacra,Toys & Games,$19.94,https://images-na.ssl-images-amazon.com/images/I/51oatsxdgAL.jpg,https://www.amazon.com/Esoteric-Creature-Generator-Classic-Simulacra/dp/9527238269
6eedbf9388a4d905870f8fcd20790823,Bachmann Trains Great Northern Gondola,Toys & Games,$22.38,https://images-na.ssl-images-amazon.com/images/I/31kzNqRrchL.jpg,https://www.amazon.com/Bachmann-Trains-Great-Northern-Gondola/dp/B0013K2WV6
dbf306088532d98d12f7da924cb4e87b,"Disney's Alice in Wonderland, ""The Hatter's Mad"" Woven Tapestry Throw Blanket, 48"" x 60"", Multi Color",Home & Kitchen,$35.00,https://images-na.ssl-images-amazon.com/images/I/61cQuMg%2BzRL.jpg,https://www.amazon.com/Disneys-Wonderland-Hatters-Tapestry-Blanket/dp/B07DR4ZNLF
437d953bb394e40c86873504d40e1b44,Pacific Play Tent Agility Dog Training Chute,Pet Supplies,$37.98,https://images-na.ssl-images-amazon.com/images/I/31OFz0j98cL.jpg,https://www.amazon.com/Pacific-Play-Tents-90001-Agility/dp/B0012EWUK6
e84e6e3a05a6fc610ff155b851fa1713,Barbie Babysitters Inc. Popcorn Set,Toys & Games,$9.93,https://images-na.ssl-images-amazon.com/images/I/41NtDcWj7SL.jpg,https://www.amazon.com/Barbie-Babysitters-Inc-Popcorn-Set/dp/B0756J82GW
54f37f5ba4be7549cdf4a945bf1bdaad,"Losi Ride Height Gauge, LOSA99173",Toys & Games,$11.99,https://images-na.ssl-images-amazon.com/images/I/31aySv2AslL.jpg,https://www.amazon.com/Team-Losi-Ride-Height-Gauge/dp/B001IKVO1U
4f41e104e3332ef045a90d8a294ffbd5,Melissa & Doug Disney Cinderella Rags to Riches Wooden Magnetic Game With 10 Magnetic Pieces and Wand,Toys & Games,$11.12,https://images-na.ssl-images-amazon.com/images/I/61Dh3Liw2dL.jpg,https://www.amazon.com/Melissa-Doug-Disney-Cinderella-Magnetic/dp/B00P2SL9JG
a6c9ec0ff537edf9736f99b3ca993506,VTech Twist and Hug Koala Rattle,Toys & Games,$7.99,https://images-na.ssl-images-amazon.com/images/I/41rulumRSTL.jpg,https://www.amazon.com/VTech-Twist-Hug-Koala-Rattle/dp/B07GXMCWT5